ID,LEVEL_ID,ELEVATION,WINDOW_FORM,WINDOW_STYLE,WIDTH,HEIGHT,TAPERING,AREA,PERIMETER,IMPOST_LENGTH
"105107","100001","550","2","2","2200","2200","0","3.80133","6.9115","0"
"105108","100001","550","2","2","2200","2200","0","3.80133","6.9115","0"
"105109","100001","750","2","2","1800","1800","0","2.54469","5.65487","0"
"105110","100001","750","2","2","1800","1800","0","2.54469","5.65487","0"
"105493","100001","750","2","2","1800","1800","0","2.54469","5.65487","0"
"105582","100001","550","2","2","2200","2200","0","3.80133","6.9115","0"
"105583","100001","550","2","2","2200","2200","0","3.80133","6.9115","0"
"105851","100001","750","2","2","1800","1800","0","2.54469","5.65487","0"
"105852","100001","750","2","2","1800","1800","0","2.54469","5.65487","0"
"107070","100001","900","2","2","1500","1500","0","1.76715","4.71239","0"
"107071","100001","750","2","2","1800","1800","0","2.54469","5.65487","0"
"107072","100001","550","2","2","2200","2200","0","3.80133","6.9115","0"
"107073","100001","550","2","2","2200","2200","0","3.80133","6.9115","0"
"107074","100001","750","2","2","1800","1800","0","2.54469","5.65487","0"
"107075","100001","750","2","2","1800","1800","0","2.54469","5.65487","0"
"107076","100001","550","2","2","2200","2200","0","3.80133","6.9115","0"
"107077","100001","750","2","2","1800","1800","0","2.54469","5.65487","0"
"107078","100001","750","2","2","1800","1800","0","2.54469","5.65487","0"
"107079","100001","750","2","2","1800","1800","0","2.54469","5.65487","0"
"107080","100001","900","2","2","1500","1500","0","1.76715","4.71239","0"
"107081","100001","900","2","2","1500","1500","0","1.76715","4.71239","0"
"107082","100001","750","2","2","1800","1800","0","2.54469","5.65487","0"
"108084","100001","900","2","2","1500","1500","0","1.76715","4.71239","0"
"108085","100001","900","2","2","1500","1500","0","1.76715","4.71239","0"
"108086","100001","750","2","2","1800","1800","0","2.54469","5.65487","0"
"108087","100001","750","2","2","1800","1800","0","2.54469","5.65487","0"
"108088","100001","750","2","2","1800","1800","0","2.54469","5.65487","0"
"110071","100001","750","2","2","1800","1800","0","2.54469","5.65487","0"
"110072","100001","750","2","2","1800","1800","0","2.54469","5.65487","0"
"110073","100001","750","2","2","1800","1800","0","2.54469","5.65487","0"
"110074","100001","750","2","2","1800","1800","0","2.54469","5.65487","0"
"110075","100001","750","2","2","1800","1800","0","2.54469","5.65487","0"
"110076","100001","550","2","2","2200","2200","0","3.80133","6.9115","0"
"110077","100001","550","2","2","2200","2200","0","3.80133","6.9115","0"
"123174","123115","750","2","2","1800","1800","0","2.54469","5.65487","0"
"123175","123115","750","2","2","1800","1800","0","2.54469","5.65487","0"
"123176","123115","550","2","2","2200","2200","0","3.80133","6.9115","0"
"123177","123115","550","2","2","2200","2200","0","3.80133","6.9115","0"
"123178","123115","550","2","2","2200","2200","0","3.80133","6.9115","0"
"123179","123115","750","2","2","1800","1800","0","2.54469","5.65487","0"
"123180","123115","750","2","2","1800","1800","0","2.54469","5.65487","0"
"123181","123115","550","2","2","2200","2200","0","3.80133","6.9115","0"
"123182","123115","750","2","2","1800","1800","0","2.54469","5.65487","0"
"123183","123115","750","2","2","1800","1800","0","2.54469","5.65487","0"
"123184","123115","750","2","2","1800","1800","0","2.54469","5.65487","0"
"123185","123115","550","2","2","2200","2200","0","3.80133","6.9115","0"
"123186","123115","550","2","2","2200","2200","0","3.80133","6.9115","0"
"123187","123115","550","2","2","2200","2200","0","3.80133","6.9115","0"
"123188","123115","750","2","2","1800","1800","0","2.54469","5.65487","0"
"123189","123115","550","2","2","2200","2200","0","3.80133","6.9115","0"
"123190","123115","750","2","2","1800","1800","0","2.54469","5.65487","0"
"123191","123115","750","2","2","1800","1800","0","2.54469","5.65487","0"
"123192","123115","900","2","2","1500","1500","0","1.76715","4.71239","0"
"123193","123115","750","2","2","1800","1800","0","2.54469","5.65487","0"
"123194","123115","750","2","2","1800","1800","0","2.54469","5.65487","0"
"123195","123115","750","2","2","1800","1800","0","2.54469","5.65487","0"
"123196","123115","900","2","2","1500","1500","0","1.76715","4.71239","0"
"123197","123115","750","2","2","1800","1800","0","2.54469","5.65487","0"
"123198","123115","750","2","2","1800","1800","0","2.54469","5.65487","0"
"123199","123115","900","2","2","1500","1500","0","1.76715","4.71239","0"
"123200","123115","750","2","2","1800","1800","0","2.54469","5.65487","0"
"123201","123115","750","2","2","1800","1800","0","2.54469","5.65487","0"
"123202","123115","900","2","2","1500","1500","0","1.76715","4.71239","0"
"123203","123115","900","2","2","1500","1500","0","1.76715","4.71239","0"
"123204","123115","900","2","2","1500","1500","0","1.76715","4.71239","0"
"123205","123115","750","2","2","1800","1800","0","2.54469","5.65487","0"
"123206","123115","750","2","2","1800","1800","0","2.54469","5.65487","0"
"123207","123115","750","2","2","1800","1800","0","2.54469","5.65487","0"
"131206","123115","750","2","2","1800","1800","0","2.54469","5.65487","0"
"131637","123115","750","2","2","1800","1800","0","2.54469","5.65487","0"
"131921","123115","750","2","2","1800","1800","0","2.54469","5.65487","0"
"132122","123115","750","2","2","1800","1800","0","2.54469","5.65487","0"
"132434","123115","750","2","2","1800","1800","0","2.54469","5.65487","0"
"132651","123115","750","2","2","1800","1800","0","2.54469","5.65487","0"
"132709","123115","750","2","2","1800","1800","0","2.54469","5.65487","0"
"135738","135675","750","2","2","1800","1800","0","2.54469","5.65487","0"
"135739","135675","750","2","2","1800","1800","0","2.54469","5.65487","0"
"135740","135675","900","2","2","1500","1500","0","1.76715","4.71239","0"
"135741","135675","750","2","2","1800","1800","0","2.54469","5.65487","0"
"135742","135675","550","2","2","2200","2200","0","3.80133","6.9115","0"
"135743","135675","750","2","2","1800","1800","0","2.54469","5.65487","0"
"135744","135675","550","2","2","2200","2200","0","3.80133","6.9115","0"
"135745","135675","750","2","2","1800","1800","0","2.54469","5.65487","0"
"135746","135675","750","2","2","1800","1800","0","2.54469","5.65487","0"
"135747","135675","550","2","2","2200","2200","0","3.80133","6.9115","0"
"135748","135675","550","2","2","2200","2200","0","3.80133","6.9115","0"
"135749","135675","750","2","2","1800","1800","0","2.54469","5.65487","0"
"135750","135675","750","2","2","1800","1800","0","2.54469","5.65487","0"
"135751","135675","750","2","2","1800","1800","0","2.54469","5.65487","0"
"135752","135675","750","2","2","1800","1800","0","2.54469","5.65487","0"
"135753","135675","750","2","2","1800","1800","0","2.54469","5.65487","0"
"135754","135675","550","2","2","2200","2200","0","3.80133","6.9115","0"
"135755","135675","550","2","2","2200","2200","0","3.80133","6.9115","0"
"135756","135675","750","2","2","1800","1800","0","2.54469","5.65487","0"
"135757","135675","550","2","2","2200","2200","0","3.80133","6.9115","0"
"135758","135675","550","2","2","2200","2200","0","3.80133","6.9115","0"
"135759","135675","750","2","2","1800","1800","0","2.54469","5.65487","0"
"135760","135675","900","2","2","1500","1500","0","1.76715","4.71239","0"
"137169","135675","900","2","2","1500","1500","0","1.76715","4.71239","0"
"137170","135675","900","2","2","1500","1500","0","1.76715","4.71239","0"
"137171","135675","750","2","2","1800","1800","0","2.54469","5.65487","0"
"137172","135675","750","2","2","1800","1800","0","2.54469","5.65487","0"
"137173","135675","750","2","2","1800","1800","0","2.54469","5.65487","0"
"137174","135675","900","2","2","1500","1500","0","1.76715","4.71239","0"
"137175","135675","900","2","2","1500","1500","0","1.76715","4.71239","0"
"137176","135675","900","2","2","1500","1500","0","1.76715","4.71239","0"
"137177","135675","900","2","2","1500","1500","0","1.76715","4.71239","0"
"137178","135675","900","2","2","1500","1500","0","1.76715","4.71239","0"
"137179","135675","900","2","2","1500","1500","0","1.76715","4.71239","0"
"137180","135675","900","2","2","1500","1500","0","1.76715","4.71239","0"
"137181","135675","900","2","2","1500","1500","0","1.76715","4.71239","0"
"161938","161782","900","2","2","1500","1500","0","1.76715","4.71239","0"
"161939","161782","900","2","2","1500","1500","0","1.76715","4.71239","0"
"161940","161782","750","2","2","1800","1800","0","2.54469","5.65487","0"
"161941","161782","750","2","2","1800","1800","0","2.54469","5.65487","0"
"161942","161782","750","2","2","1800","1800","0","2.54469","5.65487","0"
"161943","161782","550","2","2","2200","2200","0","3.80133","6.9115","0"
"161944","161782","750","2","2","1800","1800","0","2.54469","5.65487","0"
"161945","161782","750","2","2","1800","1800","0","2.54469","5.65487","0"
"161946","161782","900","2","2","1500","1500","0","1.76715","4.71239","0"
"161947","161782","900","2","2","1500","1500","0","1.76715","4.71239","0"
"161948","161782","750","2","2","1800","1800","0","2.54469","5.65487","0"
"161949","161782","750","2","2","1800","1800","0","2.54469","5.65487","0"
"161950","161782","900","2","2","1500","1500","0","1.76715","4.71239","0"
"161951","161782","750","2","2","1800","1800","0","2.54469","5.65487","0"
"161952","161782","550","2","2","2200","2200","0","3.80133","6.9115","0"
"161953","161782","550","2","2","2200","2200","0","3.80133","6.9115","0"
"161954","161782","750","2","2","1800","1800","0","2.54469","5.65487","0"
"161955","161782","750","2","2","1800","1800","0","2.54469","5.65487","0"
"161956","161782","550","2","2","2200","2200","0","3.80133","6.9115","0"
"161957","161782","550","2","2","2200","2200","0","3.80133","6.9115","0"
"161958","161782","750","2","2","1800","1800","0","2.54469","5.65487","0"
"161959","161782","750","2","2","1800","1800","0","2.54469","5.65487","0"
"161960","161782","750","2","2","1800","1800","0","2.54469","5.65487","0"
"161968","161782","750","2","2","1800","1800","0","2.54469","5.65487","0"
"161969","161782","750","2","2","1800","1800","0","2.54469","5.65487","0"
"161970","161782","900","2","2","1500","1500","0","1.76715","4.71239","0"
"161971","161782","900","2","2","1500","1500","0","1.76715","4.71239","0"
"161972","161782","750","2","2","1800","1800","0","2.54469","5.65487","0"
"161973","161782","750","2","2","1800","1800","0","2.54469","5.65487","0"
"161974","161782","750","2","2","1800","1800","0","2.54469","5.65487","0"
"161975","161782","750","2","2","1800","1800","0","2.54469","5.65487","0"
"161976","161782","750","2","2","1800","1800","0","2.54469","5.65487","0"
"161977","161782","750","2","2","1800","1800","0","2.54469","5.65487","0"
"161978","161782","750","2","2","1800","1800","0","2.54469","5.65487","0"
"161979","161782","750","2","2","1800","1800","0","2.54469","5.65487","0"
"161980","161782","750","2","2","1800","1800","0","2.54469","5.65487","0"
"162380","162068","750","2","2","1800","1800","0","2.54469","5.65487","0"
"162381","162068","750","2","2","1800","1800","0","2.54469","5.65487","0"
"162382","162068","750","2","2","1800","1800","0","2.54469","5.65487","0"
"162383","162068","900","2","2","1500","1500","0","1.76715","4.71239","0"
"162384","162068","900","2","2","1500","1500","0","1.76715","4.71239","0"
"162385","162068","550","2","2","2200","2200","0","3.80133","6.9115","0"
"162386","162068","750","2","2","1800","1800","0","2.54469","5.65487","0"
"162387","162068","900","2","2","1500","1500","0","1.76715","4.71239","0"
"162388","162068","900","2","2","1500","1500","0","1.76715","4.71239","0"
"162389","162068","750","2","2","1800","1800","0","2.54469","5.65487","0"
"162390","162068","750","2","2","1800","1800","0","2.54469","5.65487","0"
"162391","162068","900","2","2","1500","1500","0","1.76715","4.71239","0"
"162392","162068","900","2","2","1500","1500","0","1.76715","4.71239","0"
"162393","162068","750","2","2","1800","1800","0","2.54469","5.65487","0"
"162394","162068","550","2","2","2200","2200","0","3.80133","6.9115","0"
"162395","162068","550","2","2","2200","2200","0","3.80133","6.9115","0"
"162396","162068","750","2","2","1800","1800","0","2.54469","5.65487","0"
"162397","162068","900","2","2","1500","1500","0","1.76715","4.71239","0"
"162398","162068","750","2","2","1800","1800","0","2.54469","5.65487","0"
"162399","162068","750","2","2","1800","1800","0","2.54469","5.65487","0"
"162400","162068","900","2","2","1500","1500","0","1.76715","4.71239","0"
"162401","162068","550","2","2","2200","2200","0","3.80133","6.9115","0"
"162402","162068","750","2","2","1800","1800","0","2.54469","5.65487","0"
"162410","162068","550","2","2","2200","2200","0","3.80133","6.9115","0"
"162411","162068","750","2","2","1800","1800","0","2.54469","5.65487","0"
"162412","162068","750","2","2","1800","1800","0","2.54469","5.65487","0"
"162413","162068","750","2","2","1800","1800","0","2.54469","5.65487","0"
"162414","162068","900","2","2","1500","1500","0","1.76715","4.71239","0"
"162415","162068","550","2","2","2200","2200","0","3.80133","6.9115","0"
"162416","162068","550","2","2","2200","2200","0","3.80133","6.9115","0"
"162417","162068","550","2","2","2200","2200","0","3.80133","6.9115","0"
"162418","162068","550","2","2","2200","2200","0","3.80133","6.9115","0"
"162419","162068","550","2","2","2200","2200","0","3.80133","6.9115","0"
"162420","162068","550","2","2","2200","2200","0","3.80133","6.9115","0"
"162421","162068","550","2","2","2200","2200","0","3.80133","6.9115","0"
"162422","162068","550","2","2","2200","2200","0","3.80133","6.9115","0"
"162471","162069","750","2","2","1800","1800","0","2.54469","5.65487","0"
"162472","162069","550","2","2","2200","2200","0","3.80133","6.9115","0"
"162473","162069","550","2","2","2200","2200","0","3.80133","6.9115","0"
"162474","162069","750","2","2","1800","1800","0","2.54469","5.65487","0"
"162475","162069","900","2","2","1500","1500","0","1.76715","4.71239","0"
"162476","162069","750","2","2","1800","1800","0","2.54469","5.65487","0"
"162477","162069","550","2","2","2200","2200","0","3.80133","6.9115","0"
"162478","162069","750","2","2","1800","1800","0","2.54469","5.65487","0"
"162479","162069","750","2","2","1800","1800","0","2.54469","5.65487","0"
"162480","162069","550","2","2","2200","2200","0","3.80133","6.9115","0"
"162481","162069","550","2","2","2200","2200","0","3.80133","6.9115","0"
"162482","162069","750","2","2","1800","1800","0","2.54469","5.65487","0"
"162483","162069","750","2","2","1800","1800","0","2.54469","5.65487","0"
"162484","162069","900","2","2","1500","1500","0","1.76715","4.71239","0"
"162485","162069","900","2","2","1500","1500","0","1.76715","4.71239","0"
"162486","162069","550","2","2","2200","2200","0","3.80133","6.9115","0"
"162487","162069","750","2","2","1800","1800","0","2.54469","5.65487","0"
"162488","162069","900","2","2","1500","1500","0","1.76715","4.71239","0"
"162489","162069","750","2","2","1800","1800","0","2.54469","5.65487","0"
"162490","162069","900","2","2","1500","1500","0","1.76715","4.71239","0"
"162491","162069","900","2","2","1500","1500","0","1.76715","4.71239","0"
"162492","162069","750","2","2","1800","1800","0","2.54469","5.65487","0"
"162493","162069","550","2","2","2200","2200","0","3.80133","6.9115","0"
"162501","162069","550","2","2","2200","2200","0","3.80133","6.9115","0"
"162502","162069","550","2","2","2200","2200","0","3.80133","6.9115","0"
"162503","162069","550","2","2","2200","2200","0","3.80133","6.9115","0"
"162504","162069","750","2","2","1800","1800","0","2.54469","5.65487","0"
"162505","162069","750","2","2","1800","1800","0","2.54469","5.65487","0"
"162506","162069","750","2","2","1800","1800","0","2.54469","5.65487","0"
"162507","162069","750","2","2","1800","1800","0","2.54469","5.65487","0"
"162508","162069","750","2","2","1800","1800","0","2.54469","5.65487","0"
"162509","162069","750","2","2","1800","1800","0","2.54469","5.65487","0"
"162510","162069","750","2","2","1800","1800","0","2.54469","5.65487","0"
"162511","162069","750","2","2","1800","1800","0","2.54469","5.65487","0"
"162512","162069","750","2","2","1800","1800","0","2.54469","5.65487","0"
"162513","162069","550","2","2","2200","2200","0","3.80133","6.9115","0"
"163271","162647","550","2","2","2200","2200","0","3.80133","6.9115","0"
"163272","162647","750","2","2","1800","1800","0","2.54469","5.65487","0"
"163273","162647","750","2","2","1800","1800","0","2.54469","5.65487","0"
"163274","162647","550","2","2","2200","2200","0","3.80133","6.9115","0"
"163275","162647","750","2","2","1800","1800","0","2.54469","5.65487","0"
"163276","162647","900","2","2","1500","1500","0","1.76715","4.71239","0"
"163277","162647","750","2","2","1800","1800","0","2.54469","5.65487","0"
"163278","162647","550","2","2","2200","2200","0","3.80133","6.9115","0"
"163279","162647","550","2","2","2200","2200","0","3.80133","6.9115","0"
"163280","162647","750","2","2","1800","1800","0","2.54469","5.65487","0"
"163281","162647","750","2","2","1800","1800","0","2.54469","5.65487","0"
"163282","162647","550","2","2","2200","2200","0","3.80133","6.9115","0"
"163283","162647","550","2","2","2200","2200","0","3.80133","6.9115","0"
"163284","162647","900","2","2","1500","1500","0","1.76715","4.71239","0"
"163285","162647","750","2","2","1800","1800","0","2.54469","5.65487","0"
"163286","162647","900","2","2","1500","1500","0","1.76715","4.71239","0"
"163287","162647","750","2","2","1800","1800","0","2.54469","5.65487","0"
"163288","162647","750","2","2","1800","1800","0","2.54469","5.65487","0"
"163289","162647","900","2","2","1500","1500","0","1.76715","4.71239","0"
"163290","162647","750","2","2","1800","1800","0","2.54469","5.65487","0"
"163291","162647","750","2","2","1800","1800","0","2.54469","5.65487","0"
"163292","162647","750","2","2","1800","1800","0","2.54469","5.65487","0"
"163293","162647","750","2","2","1800","1800","0","2.54469","5.65487","0"
"163301","162647","750","2","2","1800","1800","0","2.54469","5.65487","0"
"163302","162647","750","2","2","1800","1800","0","2.54469","5.65487","0"
"163303","162647","750","2","2","1800","1800","0","2.54469","5.65487","0"
"163304","162647","550","2","2","2200","2200","0","3.80133","6.9115","0"
"163305","162647","550","2","2","2200","2200","0","3.80133","6.9115","0"
"163306","162647","900","2","2","1500","1500","0","1.76715","4.71239","0"
"163307","162647","900","2","2","1500","1500","0","1.76715","4.71239","0"
"163308","162647","900","2","2","1500","1500","0","1.76715","4.71239","0"
"163309","162647","900","2","2","1500","1500","0","1.76715","4.71239","0"
"163310","162647","900","2","2","1500","1500","0","1.76715","4.71239","0"
"163311","162647","900","2","2","1500","1500","0","1.76715","4.71239","0"
"163312","162647","900","2","2","1500","1500","0","1.76715","4.71239","0"
"163313","162647","750","2","2","1800","1800","0","2.54469","5.65487","0"
"163362","162648","750","2","2","1800","1800","0","2.54469","5.65487","0"
"163363","162648","750","2","2","1800","1800","0","2.54469","5.65487","0"
"163364","162648","900","2","2","1500","1500","0","1.76715","4.71239","0"
"163365","162648","550","2","2","2200","2200","0","3.80133","6.9115","0"
"163366","162648","550","2","2","2200","2200","0","3.80133","6.9115","0"
"163367","162648","900","2","2","1500","1500","0","1.76715","4.71239","0"
"163368","162648","750","2","2","1800","1800","0","2.54469","5.65487","0"
"163369","162648","550","2","2","2200","2200","0","3.80133","6.9115","0"
"163370","162648","550","2","2","2200","2200","0","3.80133","6.9115","0"
"163371","162648","750","2","2","1800","1800","0","2.54469","5.65487","0"
"163372","162648","750","2","2","1800","1800","0","2.54469","5.65487","0"
"163373","162648","550","2","2","2200","2200","0","3.80133","6.9115","0"
"163374","162648","550","2","2","2200","2200","0","3.80133","6.9115","0"
"163375","162648","750","2","2","1800","1800","0","2.54469","5.65487","0"
"163376","162648","900","2","2","1500","1500","0","1.76715","4.71239","0"
"163377","162648","750","2","2","1800","1800","0","2.54469","5.65487","0"
"163378","162648","550","2","2","2200","2200","0","3.80133","6.9115","0"
"163379","162648","550","2","2","2200","2200","0","3.80133","6.9115","0"
"163380","162648","750","2","2","1800","1800","0","2.54469","5.65487","0"
"163381","162648","750","2","2","1800","1800","0","2.54469","5.65487","0"
"163382","162648","550","2","2","2200","2200","0","3.80133","6.9115","0"
"163383","162648","900","2","2","1500","1500","0","1.76715","4.71239","0"
"163384","162648","750","2","2","1800","1800","0","2.54469","5.65487","0"
"163392","162648","900","2","2","1500","1500","0","1.76715","4.71239","0"
"163393","162648","900","2","2","1500","1500","0","1.76715","4.71239","0"
"163394","162648","750","2","2","1800","1800","0","2.54469","5.65487","0"
"163395","162648","750","2","2","1800","1800","0","2.54469","5.65487","0"
"163396","162648","550","2","2","2200","2200","0","3.80133","6.9115","0"
"163397","162648","900","2","2","1500","1500","0","1.76715","4.71239","0"
"163398","162648","750","2","2","1800","1800","0","2.54469","5.65487","0"
"163399","162648","750","2","2","1800","1800","0","2.54469","5.65487","0"
"163400","162648","750","2","2","1800","1800","0","2.54469","5.65487","0"
"163401","162648","750","2","2","1800","1800","0","2.54469","5.65487","0"
"163402","162648","750","2","2","1800","1800","0","2.54469","5.65487","0"
"163403","162648","900","2","2","1500","1500","0","1.76715","4.71239","0"
"163404","162648","900","2","2","1500","1500","0","1.76715","4.71239","0"
"163453","162649","900","2","2","1500","1500","0","1.76715","4.71239","0"
"163454","162649","900","2","2","1500","1500","0","1.76715","4.71239","0"
"163455","162649","900","2","2","1500","1500","0","1.76715","4.71239","0"
"163456","162649","750","2","2","1800","1800","0","2.54469","5.65487","0"
"163457","162649","750","2","2","1800","1800","0","2.54469","5.65487","0"
"163458","162649","900","2","2","1500","1500","0","1.76715","4.71239","0"
"163459","162649","750","2","2","1800","1800","0","2.54469","5.65487","0"
"163460","162649","550","2","2","2200","2200","0","3.80133","6.9115","0"
"163461","162649","550","2","2","2200","2200","0","3.80133","6.9115","0"
"163462","162649","750","2","2","1800","1800","0","2.54469","5.65487","0"
"163463","162649","750","2","2","1800","1800","0","2.54469","5.65487","0"
"163464","162649","550","2","2","2200","2200","0","3.80133","6.9115","0"
"163465","162649","550","2","2","2200","2200","0","3.80133","6.9115","0"
"163466","162649","750","2","2","1800","1800","0","2.54469","5.65487","0"
"163467","162649","900","2","2","1500","1500","0","1.76715","4.71239","0"
"163468","162649","750","2","2","1800","1800","0","2.54469","5.65487","0"
"163469","162649","550","2","2","2200","2200","0","3.80133","6.9115","0"
"163470","162649","550","2","2","2200","2200","0","3.80133","6.9115","0"
"163471","162649","750","2","2","1800","1800","0","2.54469","5.65487","0"
"163472","162649","550","2","2","2200","2200","0","3.80133","6.9115","0"
"163473","162649","750","2","2","1800","1800","0","2.54469","5.65487","0"
"163474","162649","750","2","2","1800","1800","0","2.54469","5.65487","0"
"163475","162649","900","2","2","1500","1500","0","1.76715","4.71239","0"
"163483","162649","750","2","2","1800","1800","0","2.54469","5.65487","0"
"163484","162649","900","2","2","1500","1500","0","1.76715","4.71239","0"
"163485","162649","900","2","2","1500","1500","0","1.76715","4.71239","0"
"163486","162649","900","2","2","1500","1500","0","1.76715","4.71239","0"
"163487","162649","750","2","2","1800","1800","0","2.54469","5.65487","0"
"163488","162649","750","2","2","1800","1800","0","2.54469","5.65487","0"
"163489","162649","750","2","2","1800","1800","0","2.54469","5.65487","0"
"163490","162649","750","2","2","1800","1800","0","2.54469","5.65487","0"
"163491","162649","550","2","2","2200","2200","0","3.80133","6.9115","0"
"163492","162649","750","2","2","1800","1800","0","2.54469","5.65487","0"
"163493","162649","750","2","2","1800","1800","0","2.54469","5.65487","0"
"163494","162649","750","2","2","1800","1800","0","2.54469","5.65487","0"
"163495","162649","750","2","2","1800","1800","0","2.54469","5.65487","0"
"163544","162650","900","2","2","1500","1500","0","1.76715","4.71239","0"
"163545","162650","750","2","2","1800","1800","0","2.54469","5.65487","0"
"163546","162650","750","2","2","1800","1800","0","2.54469","5.65487","0"
"163547","162650","900","2","2","1500","1500","0","1.76715","4.71239","0"
"163548","162650","750","2","2","1800","1800","0","2.54469","5.65487","0"
"163549","162650","750","2","2","1800","1800","0","2.54469","5.65487","0"
"163550","162650","900","2","2","1500","1500","0","1.76715","4.71239","0"
"163551","162650","750","2","2","1800","1800","0","2.54469","5.65487","0"
"163552","162650","550","2","2","2200","2200","0","3.80133","6.9115","0"
"163553","162650","900","2","2","1500","1500","0","1.76715","4.71239","0"
"163554","162650","750","2","2","1800","1800","0","2.54469","5.65487","0"
"163555","162650","750","2","2","1800","1800","0","2.54469","5.65487","0"
"163556","162650","550","2","2","2200","2200","0","3.80133","6.9115","0"
"163557","162650","900","2","2","1500","1500","0","1.76715","4.71239","0"
"163558","162650","750","2","2","1800","1800","0","2.54469","5.65487","0"
"163559","162650","750","2","2","1800","1800","0","2.54469","5.65487","0"
"163560","162650","550","2","2","2200","2200","0","3.80133","6.9115","0"
"163561","162650","550","2","2","2200","2200","0","3.80133","6.9115","0"
"163562","162650","550","2","2","2200","2200","0","3.80133","6.9115","0"
"163563","162650","750","2","2","1800","1800","0","2.54469","5.65487","0"
"163564","162650","750","2","2","1800","1800","0","2.54469","5.65487","0"
"163565","162650","750","2","2","1800","1800","0","2.54469","5.65487","0"
"163566","162650","900","2","2","1500","1500","0","1.76715","4.71239","0"
"163574","162650","550","2","2","2200","2200","0","3.80133","6.9115","0"
"163575","162650","750","2","2","1800","1800","0","2.54469","5.65487","0"
"163576","162650","750","2","2","1800","1800","0","2.54469","5.65487","0"
"163577","162650","900","2","2","1500","1500","0","1.76715","4.71239","0"
"163578","162650","900","2","2","1500","1500","0","1.76715","4.71239","0"
"163579","162650","550","2","2","2200","2200","0","3.80133","6.9115","0"
"163580","162650","550","2","2","2200","2200","0","3.80133","6.9115","0"
"163581","162650","550","2","2","2200","2200","0","3.80133","6.9115","0"
"163582","162650","550","2","2","2200","2200","0","3.80133","6.9115","0"
"163583","162650","550","2","2","2200","2200","0","3.80133","6.9115","0"
"163584","162650","550","2","2","2200","2200","0","3.80133","6.9115","0"
"163585","162650","550","2","2","2200","2200","0","3.80133","6.9115","0"
"163586","162650","550","2","2","2200","2200","0","3.80133","6.9115","0"
"165347","164099","750","2","2","1800","1800","0","2.54469","5.65487","0"
"165348","164099","550","2","2","2200","2200","0","3.80133","6.9115","0"
"165349","164099","550","2","2","2200","2200","0","3.80133","6.9115","0"
"165350","164099","750","2","2","1800","1800","0","2.54469","5.65487","0"
"165351","164099","900","2","2","1500","1500","0","1.76715","4.71239","0"
"165352","164099","750","2","2","1800","1800","0","2.54469","5.65487","0"
"165353","164099","550","2","2","2200","2200","0","3.80133","6.9115","0"
"165354","164099","750","2","2","1800","1800","0","2.54469","5.65487","0"
"165355","164099","750","2","2","1800","1800","0","2.54469","5.65487","0"
"165356","164099","550","2","2","2200","2200","0","3.80133","6.9115","0"
"165357","164099","550","2","2","2200","2200","0","3.80133","6.9115","0"
"165358","164099","750","2","2","1800","1800","0","2.54469","5.65487","0"
"165359","164099","750","2","2","1800","1800","0","2.54469","5.65487","0"
"165360","164099","550","2","2","2200","2200","0","3.80133","6.9115","0"
"165361","164099","750","2","2","1800","1800","0","2.54469","5.65487","0"
"165362","164099","550","2","2","2200","2200","0","3.80133","6.9115","0"
"165363","164099","750","2","2","1800","1800","0","2.54469","5.65487","0"
"165364","164099","750","2","2","1800","1800","0","2.54469","5.65487","0"
"165365","164099","550","2","2","2200","2200","0","3.80133","6.9115","0"
"165366","164099","750","2","2","1800","1800","0","2.54469","5.65487","0"
"165367","164099","900","2","2","1500","1500","0","1.76715","4.71239","0"
"165368","164099","550","2","2","2200","2200","0","3.80133","6.9115","0"
"165369","164099","750","2","2","1800","1800","0","2.54469","5.65487","0"
"165377","164099","550","2","2","2200","2200","0","3.80133","6.9115","0"
"165378","164099","550","2","2","2200","2200","0","3.80133","6.9115","0"
"165379","164099","550","2","2","2200","2200","0","3.80133","6.9115","0"
"165380","164099","750","2","2","1800","1800","0","2.54469","5.65487","0"
"165381","164099","750","2","2","1800","1800","0","2.54469","5.65487","0"
"165382","164099","750","2","2","1800","1800","0","2.54469","5.65487","0"
"165383","164099","750","2","2","1800","1800","0","2.54469","5.65487","0"
"165384","164099","750","2","2","1800","1800","0","2.54469","5.65487","0"
"165385","164099","750","2","2","1800","1800","0","2.54469","5.65487","0"
"165386","164099","750","2","2","1800","1800","0","2.54469","5.65487","0"
"165387","164099","750","2","2","1800","1800","0","2.54469","5.65487","0"
"165388","164099","750","2","2","1800","1800","0","2.54469","5.65487","0"
"165389","164099","550","2","2","2200","2200","0","3.80133","6.9115","0"
"165438","164100","550","2","2","2200","2200","0","3.80133","6.9115","0"
"165439","164100","550","2","2","2200","2200","0","3.80133","6.9115","0"
"165440","164100","750","2","2","1800","1800","0","2.54469","5.65487","0"
"165441","164100","750","2","2","1800","1800","0","2.54469","5.65487","0"
"165442","164100","900","2","2","1500","1500","0","1.76715","4.71239","0"
"165443","164100","550","2","2","2200","2200","0","3.80133","6.9115","0"
"165444","164100","750","2","2","1800","1800","0","2.54469","5.65487","0"
"165445","164100","900","2","2","1500","1500","0","1.76715","4.71239","0"
"165446","164100","750","2","2","1800","1800","0","2.54469","5.65487","0"
"165447","164100","550","2","2","2200","2200","0","3.80133","6.9115","0"
"165448","164100","750","2","2","1800","1800","0","2.54469","5.65487","0"
"165449","164100","900","2","2","1500","1500","0","1.76715","4.71239","0"
"165450","164100","750","2","2","1800","1800","0","2.54469","5.65487","0"
"165451","164100","550","2","2","2200","2200","0","3.80133","6.9115","0"
"165452","164100","550","2","2","2200","2200","0","3.80133","6.9115","0"
"165453","164100","750","2","2","1800","1800","0","2.54469","5.65487","0"
"165454","164100","750","2","2","1800","1800","0","2.54469","5.65487","0"
"165455","164100","750","2","2","1800","1800","0","2.54469","5.65487","0"
"165456","164100","750","2","2","1800","1800","0","2.54469","5.65487","0"
"165457","164100","900","2","2","1500","1500","0","1.76715","4.71239","0"
"165458","164100","900","2","2","1500","1500","0","1.76715","4.71239","0"
"165459","164100","550","2","2","2200","2200","0","3.80133","6.9115","0"
"165460","164100","750","2","2","1800","1800","0","2.54469","5.65487","0"
"165468","164100","750","2","2","1800","1800","0","2.54469","5.65487","0"
"165469","164100","750","2","2","1800","1800","0","2.54469","5.65487","0"
"165470","164100","550","2","2","2200","2200","0","3.80133","6.9115","0"
"165471","164100","550","2","2","2200","2200","0","3.80133","6.9115","0"
"165472","164100","750","2","2","1800","1800","0","2.54469","5.65487","0"
"165473","164100","900","2","2","1500","1500","0","1.76715","4.71239","0"
"165474","164100","900","2","2","1500","1500","0","1.76715","4.71239","0"
"165475","164100","900","2","2","1500","1500","0","1.76715","4.71239","0"
"165476","164100","900","2","2","1500","1500","0","1.76715","4.71239","0"
"165477","164100","900","2","2","1500","1500","0","1.76715","4.71239","0"
"165478","164100","900","2","2","1500","1500","0","1.76715","4.71239","0"
"165479","164100","900","2","2","1500","1500","0","1.76715","4.71239","0"
"165480","164100","750","2","2","1800","1800","0","2.54469","5.65487","0"
"165529","164101","550","2","2","2200","2200","0","3.80133","6.9115","0"
"165530","164101","750","2","2","1800","1800","0","2.54469","5.65487","0"
"165531","164101","900","2","2","1500","1500","0","1.76715","4.71239","0"
"165532","164101","550","2","2","2200","2200","0","3.80133","6.9115","0"
"165533","164101","750","2","2","1800","1800","0","2.54469","5.65487","0"
"165534","164101","550","2","2","2200","2200","0","3.80133","6.9115","0"
"165535","164101","750","2","2","1800","1800","0","2.54469","5.65487","0"
"165536","164101","900","2","2","1500","1500","0","1.76715","4.71239","0"
"165537","164101","750","2","2","1800","1800","0","2.54469","5.65487","0"
"165538","164101","550","2","2","2200","2200","0","3.80133","6.9115","0"
"165539","164101","750","2","2","1800","1800","0","2.54469","5.65487","0"
"165540","164101","900","2","2","1500","1500","0","1.76715","4.71239","0"
"165541","164101","750","2","2","1800","1800","0","2.54469","5.65487","0"
"165542","164101","550","2","2","2200","2200","0","3.80133","6.9115","0"
"165543","164101","550","2","2","2200","2200","0","3.80133","6.9115","0"
"165544","164101","750","2","2","1800","1800","0","2.54469","5.65487","0"
"165545","164101","900","2","2","1500","1500","0","1.76715","4.71239","0"
"165546","164101","750","2","2","1800","1800","0","2.54469","5.65487","0"
"165547","164101","900","2","2","1500","1500","0","1.76715","4.71239","0"
"165548","164101","900","2","2","1500","1500","0","1.76715","4.71239","0"
"165549","164101","750","2","2","1800","1800","0","2.54469","5.65487","0"
"165550","164101","750","2","2","1800","1800","0","2.54469","5.65487","0"
"165551","164101","550","2","2","2200","2200","0","3.80133","6.9115","0"
"165559","164101","900","2","2","1500","1500","0","1.76715","4.71239","0"
"165560","164101","900","2","2","1500","1500","0","1.76715","4.71239","0"
"165561","164101","750","2","2","1800","1800","0","2.54469","5.65487","0"
"165562","164101","550","2","2","2200","2200","0","3.80133","6.9115","0"
"165563","164101","550","2","2","2200","2200","0","3.80133","6.9115","0"
"165564","164101","900","2","2","1500","1500","0","1.76715","4.71239","0"
"165565","164101","750","2","2","1800","1800","0","2.54469","5.65487","0"
"165566","164101","750","2","2","1800","1800","0","2.54469","5.65487","0"
"165567","164101","750","2","2","1800","1800","0","2.54469","5.65487","0"
"165568","164101","750","2","2","1800","1800","0","2.54469","5.65487","0"
"165569","164101","750","2","2","1800","1800","0","2.54469","5.65487","0"
"165570","164101","900","2","2","1500","1500","0","1.76715","4.71239","0"
"165571","164101","900","2","2","1500","1500","0","1.76715","4.71239","0"
"165620","164102","750","2","2","1800","1800","0","2.54469","5.65487","0"
"165621","164102","900","2","2","1500","1500","0","1.76715","4.71239","0"
"165622","164102","900","2","2","1500","1500","0","1.76715","4.71239","0"
"165623","164102","550","2","2","2200","2200","0","3.80133","6.9115","0"
"165624","164102","550","2","2","2200","2200","0","3.80133","6.9115","0"
"165625","164102","550","2","2","2200","2200","0","3.80133","6.9115","0"
"165626","164102","750","2","2","1800","1800","0","2.54469","5.65487","0"
"165627","164102","900","2","2","1500","1500","0","1.76715","4.71239","0"
"165628","164102","750","2","2","1800","1800","0","2.54469","5.65487","0"
"165629","164102","550","2","2","2200","2200","0","3.80133","6.9115","0"
"165630","164102","550","2","2","2200","2200","0","3.80133","6.9115","0"
"165631","164102","900","2","2","1500","1500","0","1.76715","4.71239","0"
"165632","164102","750","2","2","1800","1800","0","2.54469","5.65487","0"
"165633","164102","550","2","2","2200","2200","0","3.80133","6.9115","0"
"165634","164102","550","2","2","2200","2200","0","3.80133","6.9115","0"
"165635","164102","900","2","2","1500","1500","0","1.76715","4.71239","0"
"165636","164102","900","2","2","1500","1500","0","1.76715","4.71239","0"
"165637","164102","750","2","2","1800","1800","0","2.54469","5.65487","0"
"165638","164102","900","2","2","1500","1500","0","1.76715","4.71239","0"
"165639","164102","750","2","2","1800","1800","0","2.54469","5.65487","0"
"165640","164102","550","2","2","2200","2200","0","3.80133","6.9115","0"
"165641","164102","750","2","2","1800","1800","0","2.54469","5.65487","0"
"165642","164102","550","2","2","2200","2200","0","3.80133","6.9115","0"
"165650","164102","750","2","2","1800","1800","0","2.54469","5.65487","0"
"165651","164102","900","2","2","1500","1500","0","1.76715","4.71239","0"
"165652","164102","900","2","2","1500","1500","0","1.76715","4.71239","0"
"165653","164102","750","2","2","1800","1800","0","2.54469","5.65487","0"
"165654","164102","550","2","2","2200","2200","0","3.80133","6.9115","0"
"165655","164102","750","2","2","1800","1800","0","2.54469","5.65487","0"
"165656","164102","550","2","2","2200","2200","0","3.80133","6.9115","0"
"165657","164102","550","2","2","2200","2200","0","3.80133","6.9115","0"
"165658","164102","550","2","2","2200","2200","0","3.80133","6.9115","0"
"165659","164102","550","2","2","2200","2200","0","3.80133","6.9115","0"
"165660","164102","550","2","2","2200","2200","0","3.80133","6.9115","0"
"165661","164102","750","2","2","1800","1800","0","2.54469","5.65487","0"
"165662","164102","750","2","2","1800","1800","0","2.54469","5.65487","0"
"165711","164103","900","2","2","1500","1500","0","1.76715","4.71239","0"
"165712","164103","900","2","2","1500","1500","0","1.76715","4.71239","0"
"165713","164103","750","2","2","1800","1800","0","2.54469","5.65487","0"
"165714","164103","750","2","2","1800","1800","0","2.54469","5.65487","0"
"165715","164103","550","2","2","2200","2200","0","3.80133","6.9115","0"
"165716","164103","750","2","2","1800","1800","0","2.54469","5.65487","0"
"165717","164103","550","2","2","2200","2200","0","3.80133","6.9115","0"
"165718","164103","750","2","2","1800","1800","0","2.54469","5.65487","0"
"165719","164103","750","2","2","1800","1800","0","2.54469","5.65487","0"
"165720","164103","750","2","2","1800","1800","0","2.54469","5.65487","0"
"165721","164103","550","2","2","2200","2200","0","3.80133","6.9115","0"
"165722","164103","750","2","2","1800","1800","0","2.54469","5.65487","0"
"165723","164103","750","2","2","1800","1800","0","2.54469","5.65487","0"
"165724","164103","550","2","2","2200","2200","0","3.80133","6.9115","0"
"165725","164103","550","2","2","2200","2200","0","3.80133","6.9115","0"
"165726","164103","750","2","2","1800","1800","0","2.54469","5.65487","0"
"165727","164103","750","2","2","1800","1800","0","2.54469","5.65487","0"
"165728","164103","550","2","2","2200","2200","0","3.80133","6.9115","0"
"165729","164103","750","2","2","1800","1800","0","2.54469","5.65487","0"
"165730","164103","750","2","2","1800","1800","0","2.54469","5.65487","0"
"165731","164103","550","2","2","2200","2200","0","3.80133","6.9115","0"
"165732","164103","900","2","2","1500","1500","0","1.76715","4.71239","0"
"165733","164103","750","2","2","1800","1800","0","2.54469","5.65487","0"
"165741","164103","550","2","2","2200","2200","0","3.80133","6.9115","0"
"165742","164103","750","2","2","1800","1800","0","2.54469","5.65487","0"
"165743","164103","900","2","2","1500","1500","0","1.76715","4.71239","0"
"165744","164103","900","2","2","1500","1500","0","1.76715","4.71239","0"
"165745","164103","750","2","2","1800","1800","0","2.54469","5.65487","0"
"165746","164103","550","2","2","2200","2200","0","3.80133","6.9115","0"
"165747","164103","550","2","2","2200","2200","0","3.80133","6.9115","0"
"165748","164103","750","2","2","1800","1800","0","2.54469","5.65487","0"
"165749","164103","750","2","2","1800","1800","0","2.54469","5.65487","0"
"165750","164103","750","2","2","1800","1800","0","2.54469","5.65487","0"
"165751","164103","550","2","2","2200","2200","0","3.80133","6.9115","0"
"165752","164103","550","2","2","2200","2200","0","3.80133","6.9115","0"
"165753","164103","550","2","2","2200","2200","0","3.80133","6.9115","0"
"165802","164104","900","2","2","1500","1500","0","1.76715","4.71239","0"
"165803","164104","750","2","2","1800","1800","0","2.54469","5.65487","0"
"165804","164104","550","2","2","2200","2200","0","3.80133","6.9115","0"
"165805","164104","900","2","2","1500","1500","0","1.76715","4.71239","0"
"165806","164104","750","2","2","1800","1800","0","2.54469","5.65487","0"
"165807","164104","750","2","2","1800","1800","0","2.54469","5.65487","0"
"165808","164104","750","2","2","1800","1800","0","2.54469","5.65487","0"
"165809","164104","750","2","2","1800","1800","0","2.54469","5.65487","0"
"165810","164104","750","2","2","1800","1800","0","2.54469","5.65487","0"
"165811","164104","750","2","2","1800","1800","0","2.54469","5.65487","0"
"165812","164104","750","2","2","1800","1800","0","2.54469","5.65487","0"
"165813","164104","750","2","2","1800","1800","0","2.54469","5.65487","0"
"165814","164104","550","2","2","2200","2200","0","3.80133","6.9115","0"
"165815","164104","750","2","2","1800","1800","0","2.54469","5.65487","0"
"165816","164104","750","2","2","1800","1800","0","2.54469","5.65487","0"
"165817","164104","750","2","2","1800","1800","0","2.54469","5.65487","0"
"165818","164104","750","2","2","1800","1800","0","2.54469","5.65487","0"
"165819","164104","550","2","2","2200","2200","0","3.80133","6.9115","0"
"165820","164104","750","2","2","1800","1800","0","2.54469","5.65487","0"
"165821","164104","550","2","2","2200","2200","0","3.80133","6.9115","0"
"165822","164104","750","2","2","1800","1800","0","2.54469","5.65487","0"
"165823","164104","900","2","2","1500","1500","0","1.76715","4.71239","0"
"165824","164104","750","2","2","1800","1800","0","2.54469","5.65487","0"
"165832","164104","550","2","2","2200","2200","0","3.80133","6.9115","0"
"165833","164104","550","2","2","2200","2200","0","3.80133","6.9115","0"
"165834","164104","750","2","2","1800","1800","0","2.54469","5.65487","0"
"165835","164104","900","2","2","1500","1500","0","1.76715","4.71239","0"
"165836","164104","900","2","2","1500","1500","0","1.76715","4.71239","0"
"165837","164104","750","2","2","1800","1800","0","2.54469","5.65487","0"
"165838","164104","750","2","2","1800","1800","0","2.54469","5.65487","0"
"165839","164104","750","2","2","1800","1800","0","2.54469","5.65487","0"
"165840","164104","900","2","2","1500","1500","0","1.76715","4.71239","0"
"165841","164104","750","2","2","1800","1800","0","2.54469","5.65487","0"
"165842","164104","750","2","2","1800","1800","0","2.54469","5.65487","0"
"165843","164104","750","2","2","1800","1800","0","2.54469","5.65487","0"
"165844","164104","550","2","2","2200","2200","0","3.80133","6.9115","0"
"165893","164105","750","2","2","1800","1800","0","2.54469","5.65487","0"
"165894","164105","550","2","2","2200","2200","0","3.80133","6.9115","0"
"165895","164105","550","2","2","2200","2200","0","3.80133","6.9115","0"
"165896","164105","900","2","2","1500","1500","0","1.76715","4.71239","0"
"165897","164105","750","2","2","1800","1800","0","2.54469","5.65487","0"
"165898","164105","750","2","2","1800","1800","0","2.54469","5.65487","0"
"165899","164105","550","2","2","2200","2200","0","3.80133","6.9115","0"
"165900","164105","750","2","2","1800","1800","0","2.54469","5.65487","0"
"165901","164105","550","2","2","2200","2200","0","3.80133","6.9115","0"
"165902","164105","750","2","2","1800","1800","0","2.54469","5.65487","0"
"165903","164105","550","2","2","2200","2200","0","3.80133","6.9115","0"
"165904","164105","750","2","2","1800","1800","0","2.54469","5.65487","0"
"165905","164105","550","2","2","2200","2200","0","3.80133","6.9115","0"
"165906","164105","750","2","2","1800","1800","0","2.54469","5.65487","0"
"165907","164105","550","2","2","2200","2200","0","3.80133","6.9115","0"
"165908","164105","750","2","2","1800","1800","0","2.54469","5.65487","0"
"165909","164105","550","2","2","2200","2200","0","3.80133","6.9115","0"
"165910","164105","750","2","2","1800","1800","0","2.54469","5.65487","0"
"165911","164105","750","2","2","1800","1800","0","2.54469","5.65487","0"
"165912","164105","550","2","2","2200","2200","0","3.80133","6.9115","0"
"165913","164105","750","2","2","1800","1800","0","2.54469","5.65487","0"
"165914","164105","900","2","2","1500","1500","0","1.76715","4.71239","0"
"165915","164105","900","2","2","1500","1500","0","1.76715","4.71239","0"
"165923","164105","750","2","2","1800","1800","0","2.54469","5.65487","0"
"165924","164105","550","2","2","2200","2200","0","3.80133","6.9115","0"
"165925","164105","550","2","2","2200","2200","0","3.80133","6.9115","0"
"165926","164105","750","2","2","1800","1800","0","2.54469","5.65487","0"
"165927","164105","900","2","2","1500","1500","0","1.76715","4.71239","0"
"165928","164105","750","2","2","1800","1800","0","2.54469","5.65487","0"
"165929","164105","900","2","2","1500","1500","0","1.76715","4.71239","0"
"165930","164105","900","2","2","1500","1500","0","1.76715","4.71239","0"
"165931","164105","900","2","2","1500","1500","0","1.76715","4.71239","0"
"165932","164105","900","2","2","1500","1500","0","1.76715","4.71239","0"
"165933","164105","900","2","2","1500","1500","0","1.76715","4.71239","0"
"165934","164105","900","2","2","1500","1500","0","1.76715","4.71239","0"
"165935","164105","750","2","2","1800","1800","0","2.54469","5.65487","0"
"165984","164106","750","2","2","1800","1800","0","2.54469","5.65487","0"
"165985","164106","550","2","2","2200","2200","0","3.80133","6.9115","0"
"165986","164106","750","2","2","1800","1800","0","2.54469","5.65487","0"
"165987","164106","900","2","2","1500","1500","0","1.76715","4.71239","0"
"165988","164106","900","2","2","1500","1500","0","1.76715","4.71239","0"
"165989","164106","900","2","2","1500","1500","0","1.76715","4.71239","0"
"165990","164106","750","2","2","1800","1800","0","2.54469","5.65487","0"
"165991","164106","550","2","2","2200","2200","0","3.80133","6.9115","0"
"165992","164106","750","2","2","1800","1800","0","2.54469","5.65487","0"
"165993","164106","900","2","2","1500","1500","0","1.76715","4.71239","0"
"165994","164106","750","2","2","1800","1800","0","2.54469","5.65487","0"
"165995","164106","550","2","2","2200","2200","0","3.80133","6.9115","0"
"165996","164106","750","2","2","1800","1800","0","2.54469","5.65487","0"
"165997","164106","900","2","2","1500","1500","0","1.76715","4.71239","0"
"165998","164106","750","2","2","1800","1800","0","2.54469","5.65487","0"
"165999","164106","550","2","2","2200","2200","0","3.80133","6.9115","0"
"166000","164106","550","2","2","2200","2200","0","3.80133","6.9115","0"
"166001","164106","750","2","2","1800","1800","0","2.54469","5.65487","0"
"166002","164106","550","2","2","2200","2200","0","3.80133","6.9115","0"
"166003","164106","750","2","2","1800","1800","0","2.54469","5.65487","0"
"166004","164106","900","2","2","1500","1500","0","1.76715","4.71239","0"
"166005","164106","750","2","2","1800","1800","0","2.54469","5.65487","0"
"166006","164106","900","2","2","1500","1500","0","1.76715","4.71239","0"
"166014","164106","900","2","2","1500","1500","0","1.76715","4.71239","0"
"166015","164106","750","2","2","1800","1800","0","2.54469","5.65487","0"
"166016","164106","550","2","2","2200","2200","0","3.80133","6.9115","0"
"166017","164106","750","2","2","1800","1800","0","2.54469","5.65487","0"
"166018","164106","900","2","2","1500","1500","0","1.76715","4.71239","0"
"166019","164106","900","2","2","1500","1500","0","1.76715","4.71239","0"
"166020","164106","750","2","2","1800","1800","0","2.54469","5.65487","0"
"166021","164106","750","2","2","1800","1800","0","2.54469","5.65487","0"
"166022","164106","750","2","2","1800","1800","0","2.54469","5.65487","0"
"166023","164106","750","2","2","1800","1800","0","2.54469","5.65487","0"
"166024","164106","750","2","2","1800","1800","0","2.54469","5.65487","0"
"166025","164106","900","2","2","1500","1500","0","1.76715","4.71239","0"
"166026","164106","900","2","2","1500","1500","0","1.76715","4.71239","0"
"168084","166524","550","2","2","2200","2200","0","3.80133","6.9115","0"
"168085","166524","750","2","2","1800","1800","0","2.54469","5.65487","0"
"168086","166524","900","2","2","1500","1500","0","1.76715","4.71239","0"
"168087","166524","750","2","2","1800","1800","0","2.54469","5.65487","0"
"168088","166524","900","2","2","1500","1500","0","1.76715","4.71239","0"
"168089","166524","900","2","2","1500","1500","0","1.76715","4.71239","0"
"168090","166524","750","2","2","1800","1800","0","2.54469","5.65487","0"
"168091","166524","550","2","2","2200","2200","0","3.80133","6.9115","0"
"168092","166524","750","2","2","1800","1800","0","2.54469","5.65487","0"
"168093","166524","900","2","2","1500","1500","0","1.76715","4.71239","0"
"168094","166524","750","2","2","1800","1800","0","2.54469","5.65487","0"
"168095","166524","550","2","2","2200","2200","0","3.80133","6.9115","0"
"168096","166524","750","2","2","1800","1800","0","2.54469","5.65487","0"
"168097","166524","900","2","2","1500","1500","0","1.76715","4.71239","0"
"168098","166524","750","2","2","1800","1800","0","2.54469","5.65487","0"
"168099","166524","550","2","2","2200","2200","0","3.80133","6.9115","0"
"168100","166524","750","2","2","1800","1800","0","2.54469","5.65487","0"
"168101","166524","900","2","2","1500","1500","0","1.76715","4.71239","0"
"168102","166524","550","2","2","2200","2200","0","3.80133","6.9115","0"
"168103","166524","750","2","2","1800","1800","0","2.54469","5.65487","0"
"168104","166524","900","2","2","1500","1500","0","1.76715","4.71239","0"
"168105","166524","750","2","2","1800","1800","0","2.54469","5.65487","0"
"168106","166524","900","2","2","1500","1500","0","1.76715","4.71239","0"
"168114","166524","900","2","2","1500","1500","0","1.76715","4.71239","0"
"168115","166524","900","2","2","1500","1500","0","1.76715","4.71239","0"
"168116","166524","750","2","2","1800","1800","0","2.54469","5.65487","0"
"168117","166524","550","2","2","2200","2200","0","3.80133","6.9115","0"
"168118","166524","750","2","2","1800","1800","0","2.54469","5.65487","0"
"168119","166524","750","2","2","1800","1800","0","2.54469","5.65487","0"
"168120","166524","550","2","2","2200","2200","0","3.80133","6.9115","0"
"168121","166524","550","2","2","2200","2200","0","3.80133","6.9115","0"
"168122","166524","550","2","2","2200","2200","0","3.80133","6.9115","0"
"168123","166524","550","2","2","2200","2200","0","3.80133","6.9115","0"
"168124","166524","550","2","2","2200","2200","0","3.80133","6.9115","0"
"168125","166524","750","2","2","1800","1800","0","2.54469","5.65487","0"
"168126","166524","900","2","2","1500","1500","0","1.76715","4.71239","0"
"168175","166525","550","2","2","2200","2200","0","3.80133","6.9115","0"
"168176","166525","750","2","2","1800","1800","0","2.54469","5.65487","0"
"168177","166525","900","2","2","1500","1500","0","1.76715","4.71239","0"
"168178","166525","750","2","2","1800","1800","0","2.54469","5.65487","0"
"168179","166525","900","2","2","1500","1500","0","1.76715","4.71239","0"
"168180","166525","900","2","2","1500","1500","0","1.76715","4.71239","0"
"168181","166525","750","2","2","1800","1800","0","2.54469","5.65487","0"
"168182","166525","550","2","2","2200","2200","0","3.80133","6.9115","0"
"168183","166525","750","2","2","1800","1800","0","2.54469","5.65487","0"
"168184","166525","900","2","2","1500","1500","0","1.76715","4.71239","0"
"168185","166525","750","2","2","1800","1800","0","2.54469","5.65487","0"
"168186","166525","550","2","2","2200","2200","0","3.80133","6.9115","0"
"168187","166525","750","2","2","1800","1800","0","2.54469","5.65487","0"
"168188","166525","900","2","2","1500","1500","0","1.76715","4.71239","0"
"168189","166525","750","2","2","1800","1800","0","2.54469","5.65487","0"
"168190","166525","550","2","2","2200","2200","0","3.80133","6.9115","0"
"168191","166525","750","2","2","1800","1800","0","2.54469","5.65487","0"
"168192","166525","900","2","2","1500","1500","0","1.76715","4.71239","0"
"168193","166525","550","2","2","2200","2200","0","3.80133","6.9115","0"
"168194","166525","750","2","2","1800","1800","0","2.54469","5.65487","0"
"168195","166525","900","2","2","1500","1500","0","1.76715","4.71239","0"
"168196","166525","750","2","2","1800","1800","0","2.54469","5.65487","0"
"168197","166525","900","2","2","1500","1500","0","1.76715","4.71239","0"
"168205","166525","750","2","2","1800","1800","0","2.54469","5.65487","0"
"168206","166525","900","2","2","1500","1500","0","1.76715","4.71239","0"
"168207","166525","750","2","2","1800","1800","0","2.54469","5.65487","0"
"168208","166525","550","2","2","2200","2200","0","3.80133","6.9115","0"
"168209","166525","750","2","2","1800","1800","0","2.54469","5.65487","0"
"168210","166525","550","2","2","2200","2200","0","3.80133","6.9115","0"
"168211","166525","550","2","2","2200","2200","0","3.80133","6.9115","0"
"168212","166525","750","2","2","1800","1800","0","2.54469","5.65487","0"
"168213","166525","750","2","2","1800","1800","0","2.54469","5.65487","0"
"168214","166525","750","2","2","1800","1800","0","2.54469","5.65487","0"
"168215","166525","550","2","2","2200","2200","0","3.80133","6.9115","0"
"168216","166525","550","2","2","2200","2200","0","3.80133","6.9115","0"
"168217","166525","750","2","2","1800","1800","0","2.54469","5.65487","0"
"168266","166526","550","2","2","2200","2200","0","3.80133","6.9115","0"
"168267","166526","750","2","2","1800","1800","0","2.54469","5.65487","0"
"168268","166526","900","2","2","1500","1500","0","1.76715","4.71239","0"
"168269","166526","750","2","2","1800","1800","0","2.54469","5.65487","0"
"168270","166526","900","2","2","1500","1500","0","1.76715","4.71239","0"
"168271","166526","900","2","2","1500","1500","0","1.76715","4.71239","0"
"168272","166526","750","2","2","1800","1800","0","2.54469","5.65487","0"
"168273","166526","550","2","2","2200","2200","0","3.80133","6.9115","0"
"168274","166526","750","2","2","1800","1800","0","2.54469","5.65487","0"
"168275","166526","750","2","2","1800","1800","0","2.54469","5.65487","0"
"168276","166526","750","2","2","1800","1800","0","2.54469","5.65487","0"
"168277","166526","550","2","2","2200","2200","0","3.80133","6.9115","0"
"168278","166526","750","2","2","1800","1800","0","2.54469","5.65487","0"
"168279","166526","900","2","2","1500","1500","0","1.76715","4.71239","0"
"168280","166526","750","2","2","1800","1800","0","2.54469","5.65487","0"
"168281","166526","550","2","2","2200","2200","0","3.80133","6.9115","0"
"168282","166526","750","2","2","1800","1800","0","2.54469","5.65487","0"
"168283","166526","900","2","2","1500","1500","0","1.76715","4.71239","0"
"168284","166526","550","2","2","2200","2200","0","3.80133","6.9115","0"
"168285","166526","750","2","2","1800","1800","0","2.54469","5.65487","0"
"168286","166526","900","2","2","1500","1500","0","1.76715","4.71239","0"
"168287","166526","750","2","2","1800","1800","0","2.54469","5.65487","0"
"168288","166526","900","2","2","1500","1500","0","1.76715","4.71239","0"
"168296","166526","750","2","2","1800","1800","0","2.54469","5.65487","0"
"168297","166526","900","2","2","1500","1500","0","1.76715","4.71239","0"
"168298","166526","750","2","2","1800","1800","0","2.54469","5.65487","0"
"168299","166526","550","2","2","2200","2200","0","3.80133","6.9115","0"
"168300","166526","750","2","2","1800","1800","0","2.54469","5.65487","0"
"168301","166526","550","2","2","2200","2200","0","3.80133","6.9115","0"
"168302","166526","750","2","2","1800","1800","0","2.54469","5.65487","0"
"168303","166526","900","2","2","1500","1500","0","1.76715","4.71239","0"
"168304","166526","900","2","2","1500","1500","0","1.76715","4.71239","0"
"168305","166526","900","2","2","1500","1500","0","1.76715","4.71239","0"
"168306","166526","750","2","2","1800","1800","0","2.54469","5.65487","0"
"168307","166526","550","2","2","2200","2200","0","3.80133","6.9115","0"
"168308","166526","750","2","2","1800","1800","0","2.54469","5.65487","0"
"168357","166527","750","2","2","1800","1800","0","2.54469","5.65487","0"
"168358","166527","900","2","2","1500","1500","0","1.76715","4.71239","0"
"168359","166527","750","2","2","1800","1800","0","2.54469","5.65487","0"
"168360","166527","550","2","2","2200","2200","0","3.80133","6.9115","0"
"168361","166527","750","2","2","1800","1800","0","2.54469","5.65487","0"
"168362","166527","900","2","2","1500","1500","0","1.76715","4.71239","0"
"168363","166527","750","2","2","1800","1800","0","2.54469","5.65487","0"
"168364","166527","550","2","2","2200","2200","0","3.80133","6.9115","0"
"168365","166527","750","2","2","1800","1800","0","2.54469","5.65487","0"
"168366","166527","750","2","2","1800","1800","0","2.54469","5.65487","0"
"168367","166527","750","2","2","1800","1800","0","2.54469","5.65487","0"
"168368","166527","550","2","2","2200","2200","0","3.80133","6.9115","0"
"168369","166527","750","2","2","1800","1800","0","2.54469","5.65487","0"
"168370","166527","900","2","2","1500","1500","0","1.76715","4.71239","0"
"168371","166527","750","2","2","1800","1800","0","2.54469","5.65487","0"
"168372","166527","550","2","2","2200","2200","0","3.80133","6.9115","0"
"168373","166527","750","2","2","1800","1800","0","2.54469","5.65487","0"
"168374","166527","900","2","2","1500","1500","0","1.76715","4.71239","0"
"168375","166527","750","2","2","1800","1800","0","2.54469","5.65487","0"
"168376","166527","900","2","2","1500","1500","0","1.76715","4.71239","0"
"168377","166527","750","2","2","1800","1800","0","2.54469","5.65487","0"
"168378","166527","550","2","2","2200","2200","0","3.80133","6.9115","0"
"168379","166527","750","2","2","1800","1800","0","2.54469","5.65487","0"
"168387","166527","550","2","2","2200","2200","0","3.80133","6.9115","0"
"168388","166527","750","2","2","1800","1800","0","2.54469","5.65487","0"
"168389","166527","900","2","2","1500","1500","0","1.76715","4.71239","0"
"168390","166527","750","2","2","1800","1800","0","2.54469","5.65487","0"
"168391","166527","550","2","2","2200","2200","0","3.80133","6.9115","0"
"168392","166527","550","2","2","2200","2200","0","3.80133","6.9115","0"
"168393","166527","750","2","2","1800","1800","0","2.54469","5.65487","0"
"168394","166527","900","2","2","1500","1500","0","1.76715","4.71239","0"
"168395","166527","750","2","2","1800","1800","0","2.54469","5.65487","0"
"168396","166527","900","2","2","1500","1500","0","1.76715","4.71239","0"
"168397","166527","750","2","2","1800","1800","0","2.54469","5.65487","0"
"168398","166527","550","2","2","2200","2200","0","3.80133","6.9115","0"
"168399","166527","550","2","2","2200","2200","0","3.80133","6.9115","0"
"168448","166528","750","2","2","1800","1800","0","2.54469","5.65487","0"
"168449","166528","900","2","2","1500","1500","0","1.76715","4.71239","0"
"168450","166528","750","2","2","1800","1800","0","2.54469","5.65487","0"
"168451","166528","550","2","2","2200","2200","0","3.80133","6.9115","0"
"168452","166528","750","2","2","1800","1800","0","2.54469","5.65487","0"
"168453","166528","900","2","2","1500","1500","0","1.76715","4.71239","0"
"168454","166528","750","2","2","1800","1800","0","2.54469","5.65487","0"
"168455","166528","550","2","2","2200","2200","0","3.80133","6.9115","0"
"168456","166528","750","2","2","1800","1800","0","2.54469","5.65487","0"
"168457","166528","750","2","2","1800","1800","0","2.54469","5.65487","0"
"168458","166528","750","2","2","1800","1800","0","2.54469","5.65487","0"
"168459","166528","550","2","2","2200","2200","0","3.80133","6.9115","0"
"168460","166528","750","2","2","1800","1800","0","2.54469","5.65487","0"
"168461","166528","900","2","2","1500","1500","0","1.76715","4.71239","0"
"168462","166528","750","2","2","1800","1800","0","2.54469","5.65487","0"
"168463","166528","550","2","2","2200","2200","0","3.80133","6.9115","0"
"168464","166528","750","2","2","1800","1800","0","2.54469","5.65487","0"
"168465","166528","900","2","2","1500","1500","0","1.76715","4.71239","0"
"168466","166528","750","2","2","1800","1800","0","2.54469","5.65487","0"
"168467","166528","900","2","2","1500","1500","0","1.76715","4.71239","0"
"168468","166528","750","2","2","1800","1800","0","2.54469","5.65487","0"
"168469","166528","550","2","2","2200","2200","0","3.80133","6.9115","0"
"168470","166528","750","2","2","1800","1800","0","2.54469","5.65487","0"
"168478","166528","550","2","2","2200","2200","0","3.80133","6.9115","0"
"168479","166528","750","2","2","1800","1800","0","2.54469","5.65487","0"
"168480","166528","900","2","2","1500","1500","0","1.76715","4.71239","0"
"168481","166528","750","2","2","1800","1800","0","2.54469","5.65487","0"
"168482","166528","550","2","2","2200","2200","0","3.80133","6.9115","0"
"168483","166528","750","2","2","1800","1800","0","2.54469","5.65487","0"
"168484","166528","900","2","2","1500","1500","0","1.76715","4.71239","0"
"168485","166528","750","2","2","1800","1800","0","2.54469","5.65487","0"
"168486","166528","550","2","2","2200","2200","0","3.80133","6.9115","0"
"168487","166528","750","2","2","1800","1800","0","2.54469","5.65487","0"
"168488","166528","900","2","2","1500","1500","0","1.76715","4.71239","0"
"168489","166528","750","2","2","1800","1800","0","2.54469","5.65487","0"
"168490","166528","550","2","2","2200","2200","0","3.80133","6.9115","0"
"168539","166529","750","2","2","1800","1800","0","2.54469","5.65487","0"
"168540","166529","900","2","2","1500","1500","0","1.76715","4.71239","0"
"168541","166529","750","2","2","1800","1800","0","2.54469","5.65487","0"
"168542","166529","550","2","2","2200","2200","0","3.80133","6.9115","0"
"168543","166529","750","2","2","1800","1800","0","2.54469","5.65487","0"
"168544","166529","900","2","2","1500","1500","0","1.76715","4.71239","0"
"168545","166529","750","2","2","1800","1800","0","2.54469","5.65487","0"
"168546","166529","550","2","2","2200","2200","0","3.80133","6.9115","0"
"168547","166529","750","2","2","1800","1800","0","2.54469","5.65487","0"
"168548","166529","750","2","2","1800","1800","0","2.54469","5.65487","0"
"168549","166529","750","2","2","1800","1800","0","2.54469","5.65487","0"
"168550","166529","550","2","2","2200","2200","0","3.80133","6.9115","0"
"168551","166529","750","2","2","1800","1800","0","2.54469","5.65487","0"
"168552","166529","900","2","2","1500","1500","0","1.76715","4.71239","0"
"168553","166529","750","2","2","1800","1800","0","2.54469","5.65487","0"
"168554","166529","550","2","2","2200","2200","0","3.80133","6.9115","0"
"168555","166529","750","2","2","1800","1800","0","2.54469","5.65487","0"
"168556","166529","900","2","2","1500","1500","0","1.76715","4.71239","0"
"168557","166529","750","2","2","1800","1800","0","2.54469","5.65487","0"
"168558","166529","900","2","2","1500","1500","0","1.76715","4.71239","0"
"168559","166529","750","2","2","1800","1800","0","2.54469","5.65487","0"
"168560","166529","550","2","2","2200","2200","0","3.80133","6.9115","0"
"168561","166529","750","2","2","1800","1800","0","2.54469","5.65487","0"
"168569","166529","550","2","2","2200","2200","0","3.80133","6.9115","0"
"168570","166529","750","2","2","1800","1800","0","2.54469","5.65487","0"
"168571","166529","900","2","2","1500","1500","0","1.76715","4.71239","0"
"168572","166529","750","2","2","1800","1800","0","2.54469","5.65487","0"
"168573","166529","550","2","2","2200","2200","0","3.80133","6.9115","0"
"168574","166529","550","2","2","2200","2200","0","3.80133","6.9115","0"
"168575","166529","750","2","2","1800","1800","0","2.54469","5.65487","0"
"168576","166529","900","2","2","1500","1500","0","1.76715","4.71239","0"
"168577","166529","750","2","2","1800","1800","0","2.54469","5.65487","0"
"168578","166529","900","2","2","1500","1500","0","1.76715","4.71239","0"
"168579","166529","750","2","2","1800","1800","0","2.54469","5.65487","0"
"168580","166529","550","2","2","2200","2200","0","3.80133","6.9115","0"
"168581","166529","550","2","2","2200","2200","0","3.80133","6.9115","0"
"168630","166530","550","2","2","2200","2200","0","3.80133","6.9115","0"
"168631","166530","750","2","2","1800","1800","0","2.54469","5.65487","0"
"168632","166530","900","2","2","1500","1500","0","1.76715","4.71239","0"
"168633","166530","750","2","2","1800","1800","0","2.54469","5.65487","0"
"168634","166530","900","2","2","1500","1500","0","1.76715","4.71239","0"
"168635","166530","900","2","2","1500","1500","0","1.76715","4.71239","0"
"168636","166530","750","2","2","1800","1800","0","2.54469","5.65487","0"
"168637","166530","550","2","2","2200","2200","0","3.80133","6.9115","0"
"168638","166530","750","2","2","1800","1800","0","2.54469","5.65487","0"
"168639","166530","750","2","2","1800","1800","0","2.54469","5.65487","0"
"168640","166530","750","2","2","1800","1800","0","2.54469","5.65487","0"
"168641","166530","550","2","2","2200","2200","0","3.80133","6.9115","0"
"168642","166530","750","2","2","1800","1800","0","2.54469","5.65487","0"
"168643","166530","900","2","2","1500","1500","0","1.76715","4.71239","0"
"168644","166530","750","2","2","1800","1800","0","2.54469","5.65487","0"
"168645","166530","550","2","2","2200","2200","0","3.80133","6.9115","0"
"168646","166530","750","2","2","1800","1800","0","2.54469","5.65487","0"
"168647","166530","900","2","2","1500","1500","0","1.76715","4.71239","0"
"168648","166530","550","2","2","2200","2200","0","3.80133","6.9115","0"
"168649","166530","750","2","2","1800","1800","0","2.54469","5.65487","0"
"168650","166530","900","2","2","1500","1500","0","1.76715","4.71239","0"
"168651","166530","750","2","2","1800","1800","0","2.54469","5.65487","0"
"168652","166530","900","2","2","1500","1500","0","1.76715","4.71239","0"
"168660","166530","750","2","2","1800","1800","0","2.54469","5.65487","0"
"168661","166530","900","2","2","1500","1500","0","1.76715","4.71239","0"
"168662","166530","750","2","2","1800","1800","0","2.54469","5.65487","0"
"168663","166530","550","2","2","2200","2200","0","3.80133","6.9115","0"
"168664","166530","750","2","2","1800","1800","0","2.54469","5.65487","0"
"168665","166530","550","2","2","2200","2200","0","3.80133","6.9115","0"
"168666","166530","750","2","2","1800","1800","0","2.54469","5.65487","0"
"168667","166530","900","2","2","1500","1500","0","1.76715","4.71239","0"
"168668","166530","900","2","2","1500","1500","0","1.76715","4.71239","0"
"168669","166530","900","2","2","1500","1500","0","1.76715","4.71239","0"
"168670","166530","750","2","2","1800","1800","0","2.54469","5.65487","0"
"168671","166530","550","2","2","2200","2200","0","3.80133","6.9115","0"
"168672","166530","750","2","2","1800","1800","0","2.54469","5.65487","0"
"168721","166531","550","2","2","2200","2200","0","3.80133","6.9115","0"
"168722","166531","750","2","2","1800","1800","0","2.54469","5.65487","0"
"168723","166531","900","2","2","1500","1500","0","1.76715","4.71239","0"
"168724","166531","750","2","2","1800","1800","0","2.54469","5.65487","0"
"168725","166531","900","2","2","1500","1500","0","1.76715","4.71239","0"
"168726","166531","900","2","2","1500","1500","0","1.76715","4.71239","0"
"168727","166531","750","2","2","1800","1800","0","2.54469","5.65487","0"
"168728","166531","550","2","2","2200","2200","0","3.80133","6.9115","0"
"168729","166531","750","2","2","1800","1800","0","2.54469","5.65487","0"
"168730","166531","900","2","2","1500","1500","0","1.76715","4.71239","0"
"168731","166531","750","2","2","1800","1800","0","2.54469","5.65487","0"
"168732","166531","550","2","2","2200","2200","0","3.80133","6.9115","0"
"168733","166531","750","2","2","1800","1800","0","2.54469","5.65487","0"
"168734","166531","900","2","2","1500","1500","0","1.76715","4.71239","0"
"168735","166531","750","2","2","1800","1800","0","2.54469","5.65487","0"
"168736","166531","550","2","2","2200","2200","0","3.80133","6.9115","0"
"168737","166531","750","2","2","1800","1800","0","2.54469","5.65487","0"
"168738","166531","900","2","2","1500","1500","0","1.76715","4.71239","0"
"168739","166531","550","2","2","2200","2200","0","3.80133","6.9115","0"
"168740","166531","750","2","2","1800","1800","0","2.54469","5.65487","0"
"168741","166531","900","2","2","1500","1500","0","1.76715","4.71239","0"
"168742","166531","750","2","2","1800","1800","0","2.54469","5.65487","0"
"168743","166531","900","2","2","1500","1500","0","1.76715","4.71239","0"
"168751","166531","750","2","2","1800","1800","0","2.54469","5.65487","0"
"168752","166531","900","2","2","1500","1500","0","1.76715","4.71239","0"
"168753","166531","750","2","2","1800","1800","0","2.54469","5.65487","0"
"168754","166531","550","2","2","2200","2200","0","3.80133","6.9115","0"
"168755","166531","750","2","2","1800","1800","0","2.54469","5.65487","0"
"168756","166531","550","2","2","2200","2200","0","3.80133","6.9115","0"
"168757","166531","550","2","2","2200","2200","0","3.80133","6.9115","0"
"168758","166531","750","2","2","1800","1800","0","2.54469","5.65487","0"
"168759","166531","750","2","2","1800","1800","0","2.54469","5.65487","0"
"168760","166531","750","2","2","1800","1800","0","2.54469","5.65487","0"
"168761","166531","550","2","2","2200","2200","0","3.80133","6.9115","0"
"168762","166531","550","2","2","2200","2200","0","3.80133","6.9115","0"
"168763","166531","750","2","2","1800","1800","0","2.54469","5.65487","0"
"168812","166532","550","2","2","2200","2200","0","3.80133","6.9115","0"
"168813","166532","750","2","2","1800","1800","0","2.54469","5.65487","0"
"168814","166532","900","2","2","1500","1500","0","1.76715","4.71239","0"
"168815","166532","750","2","2","1800","1800","0","2.54469","5.65487","0"
"168816","166532","900","2","2","1500","1500","0","1.76715","4.71239","0"
"168817","166532","900","2","2","1500","1500","0","1.76715","4.71239","0"
"168818","166532","750","2","2","1800","1800","0","2.54469","5.65487","0"
"168819","166532","550","2","2","2200","2200","0","3.80133","6.9115","0"
"168820","166532","750","2","2","1800","1800","0","2.54469","5.65487","0"
"168821","166532","900","2","2","1500","1500","0","1.76715","4.71239","0"
"168822","166532","750","2","2","1800","1800","0","2.54469","5.65487","0"
"168823","166532","550","2","2","2200","2200","0","3.80133","6.9115","0"
"168824","166532","750","2","2","1800","1800","0","2.54469","5.65487","0"
"168825","166532","900","2","2","1500","1500","0","1.76715","4.71239","0"
"168826","166532","750","2","2","1800","1800","0","2.54469","5.65487","0"
"168827","166532","550","2","2","2200","2200","0","3.80133","6.9115","0"
"168828","166532","750","2","2","1800","1800","0","2.54469","5.65487","0"
"168829","166532","900","2","2","1500","1500","0","1.76715","4.71239","0"
"168830","166532","550","2","2","2200","2200","0","3.80133","6.9115","0"
"168831","166532","750","2","2","1800","1800","0","2.54469","5.65487","0"
"168832","166532","900","2","2","1500","1500","0","1.76715","4.71239","0"
"168833","166532","750","2","2","1800","1800","0","2.54469","5.65487","0"
"168834","166532","900","2","2","1500","1500","0","1.76715","4.71239","0"
"168842","166532","900","2","2","1500","1500","0","1.76715","4.71239","0"
"168843","166532","900","2","2","1500","1500","0","1.76715","4.71239","0"
"168844","166532","750","2","2","1800","1800","0","2.54469","5.65487","0"
"168845","166532","550","2","2","2200","2200","0","3.80133","6.9115","0"
"168846","166532","750","2","2","1800","1800","0","2.54469","5.65487","0"
"168847","166532","750","2","2","1800","1800","0","2.54469","5.65487","0"
"168848","166532","550","2","2","2200","2200","0","3.80133","6.9115","0"
"168849","166532","550","2","2","2200","2200","0","3.80133","6.9115","0"
"168850","166532","550","2","2","2200","2200","0","3.80133","6.9115","0"
"168851","166532","550","2","2","2200","2200","0","3.80133","6.9115","0"
"168852","166532","550","2","2","2200","2200","0","3.80133","6.9115","0"
"168853","166532","750","2","2","1800","1800","0","2.54469","5.65487","0"
"168854","166532","900","2","2","1500","1500","0","1.76715","4.71239","0"
"169826","169763","750","2","2","1800","1800","0","2.54469","5.65487","0"
"169827","169763","550","2","2","2200","2200","0","3.80133","6.9115","0"
"169828","169763","750","2","2","1800","1800","0","2.54469","5.65487","0"
"169829","169763","750","2","2","1800","1800","0","2.54469","5.65487","0"
"169830","169763","900","2","2","1500","1500","0","1.76715","4.71239","0"
"169831","169763","750","2","2","1800","1800","0","2.54469","5.65487","0"
"169832","169763","750","2","2","1800","1800","0","2.54469","5.65487","0"
"169833","169763","550","2","2","2200","2200","0","3.80133","6.9115","0"
"169834","169763","750","2","2","1800","1800","0","2.54469","5.65487","0"
"169835","169763","750","2","2","1800","1800","0","2.54469","5.65487","0"
"169836","169763","750","2","2","1800","1800","0","2.54469","5.65487","0"
"169837","169763","550","2","2","2200","2200","0","3.80133","6.9115","0"
"169838","169763","750","2","2","1800","1800","0","2.54469","5.65487","0"
"169839","169763","750","2","2","1800","1800","0","2.54469","5.65487","0"
"169840","169763","750","2","2","1800","1800","0","2.54469","5.65487","0"
"169841","169763","550","2","2","2200","2200","0","3.80133","6.9115","0"
"169842","169763","550","2","2","2200","2200","0","3.80133","6.9115","0"
"169843","169763","750","2","2","1800","1800","0","2.54469","5.65487","0"
"169844","169763","550","2","2","2200","2200","0","3.80133","6.9115","0"
"169845","169763","750","2","2","1800","1800","0","2.54469","5.65487","0"
"169846","169763","900","2","2","1500","1500","0","1.76715","4.71239","0"
"169847","169763","750","2","2","1800","1800","0","2.54469","5.65487","0"
"169848","169763","900","2","2","1500","1500","0","1.76715","4.71239","0"
"171005","169763","900","2","2","1500","1500","0","1.76715","4.71239","0"
"171006","169763","750","2","2","1800","1800","0","2.54469","5.65487","0"
"171007","169763","550","2","2","2200","2200","0","3.80133","6.9115","0"
"171008","169763","750","2","2","1800","1800","0","2.54469","5.65487","0"
"171009","169763","900","2","2","1500","1500","0","1.76715","4.71239","0"
"171010","169763","900","2","2","1500","1500","0","1.76715","4.71239","0"
"171011","169763","750","2","2","1800","1800","0","2.54469","5.65487","0"
"171012","169763","750","2","2","1800","1800","0","2.54469","5.65487","0"
"171013","169763","750","2","2","1800","1800","0","2.54469","5.65487","0"
"171014","169763","750","2","2","1800","1800","0","2.54469","5.65487","0"
"171015","169763","750","2","2","1800","1800","0","2.54469","5.65487","0"
"171016","169763","900","2","2","1500","1500","0","1.76715","4.71239","0"
"171017","169763","900","2","2","1500","1500","0","1.76715","4.71239","0"